Model,Seed,Parameters (M),GFLOPs,Model size (MB),Latency mean (ms),Latency median (ms),FPS,Peak VRAM (GB),GPU,Reportable
E0,1337,,,,,,,,,True
E0,2024,,,,,,,,,True
E0,42,,,,,,,,,True
E0b,1337,12.1703,,46.468,7.7124,6.4138,129.661,0.095,NVIDIA GeForce RTX 4050 Laptop GPU,True
E0b,2024,12.1703,,46.468,7.7683,6.4034,128.728,0.095,NVIDIA GeForce RTX 4050 Laptop GPU,True
E0b,42,12.1703,,46.468,5.8568,5.8386,170.742,0.095,NVIDIA GeForce RTX 4050 Laptop GPU,True
E1,42,12.1703,,46.468,5.7229,5.6722,174.737,0.096,NVIDIA GeForce RTX 4050 Laptop GPU,True
E3,42,12.1703,,46.468,5.8972,5.8934,169.572,0.097,NVIDIA GeForce RTX 4050 Laptop GPU,True
E4,42,12.1703,,46.468,5.8713,5.8684,170.32,0.095,NVIDIA GeForce RTX 4050 Laptop GPU,True
E5,42,12.1703,,46.468,5.7128,5.6656,175.046,0.096,NVIDIA GeForce RTX 4050 Laptop GPU,True
E6a,42,12.1703,,46.468,5.8551,5.8444,170.791,0.095,NVIDIA GeForce RTX 4050 Laptop GPU,True
E6b,42,12.1703,,46.468,5.8454,5.8607,171.075,0.097,NVIDIA GeForce RTX 4050 Laptop GPU,True
E6c,42,12.1703,,46.468,5.7305,5.6911,174.505,0.095,NVIDIA GeForce RTX 4050 Laptop GPU,True
E6d,42,12.0382,,45.964,5.8981,5.899,169.546,0.097,NVIDIA GeForce RTX 4050 Laptop GPU,True
E7,42,12.1703,,46.468,5.7717,5.6962,173.259,0.095,NVIDIA GeForce RTX 4050 Laptop GPU,True
E8,42,12.1703,,46.468,5.913,5.8793,169.119,0.095,NVIDIA GeForce RTX 4050 Laptop GPU,True
